[{"model": "admin.logentry", "pk": 1, "fields": {"action_time": "2021-08-12T10:52:40.948Z", "user": 1, "content_type": 7, "object_id": "1", "object_repr": "monstera.com", "action_flag": 2, "change_message": "[{\"changed\": {\"fields\": [\"Domain name\", \"Display name\"]}}]"}}, {"model": "admin.logentry", "pk": 2, "fields": {"action_time": "2021-08-12T11:07:31.929Z", "user": 1, "content_type": 8, "object_id": "1", "object_repr": "francesca_lupu@live.it", "action_flag": 1, "change_message": "[{\"added\": {}}]"}}, {"model": "admin.logentry", "pk": 3, "fields": {"action_time": "2021-08-19T10:49:28.902Z", "user": 1, "content_type": 13, "object_id": "1", "object_repr": "big_leaves", "action_flag": 1, "change_message": "[{\"added\": {}}]"}}, {"model": "admin.logentry", "pk": 4, "fields": {"action_time": "2021-08-19T10:49:38.145Z", "user": 1, "content_type": 13, "object_id": "1", "object_repr": "big_leaves", "action_flag": 2, "change_message": "[{\"changed\": {\"fields\": [\"Friendly name\"]}}]"}}, {"model": "admin.logentry", "pk": 5, "fields": {"action_time": "2021-08-19T10:49:52.839Z", "user": 1, "content_type": 13, "object_id": "2", "object_repr": "succulents", "action_flag": 1, "change_message": "[{\"added\": {}}]"}}, {"model": "admin.logentry", "pk": 6, "fields": {"action_time": "2021-08-19T10:50:03.807Z", "user": 1, "content_type": 13, "object_id": "3", "object_repr": "cacti", "action_flag": 1, "change_message": "[{\"added\": {}}]"}}, {"model": "admin.logentry", "pk": 7, "fields": {"action_time": "2021-08-19T10:50:19.168Z", "user": 1, "content_type": 13, "object_id": "4", "object_repr": "to_hang", "action_flag": 1, "change_message": "[{\"added\": {}}]"}}, {"model": "admin.logentry", "pk": 8, "fields": {"action_time": "2021-08-19T11:08:03.692Z", "user": 1, "content_type": 14, "object_id": "1", "object_repr": "Jade", "action_flag": 1, "change_message": "[{\"added\": {}}]"}}, {"model": "admin.logentry", "pk": 9, "fields": {"action_time": "2021-08-19T11:57:25.353Z", "user": 1, "content_type": 14, "object_id": "1", "object_repr": "Jade", "action_flag": 2, "change_message": "[{\"changed\": {\"fields\": [\"Image\"]}}]"}}, {"model": "admin.logentry", "pk": 10, "fields": {"action_time": "2021-08-19T12:03:16.135Z", "user": 1, "content_type": 14, "object_id": "2", "object_repr": "Mary", "action_flag": 1, "change_message": "[{\"added\": {}}]"}}, {"model": "admin.logentry", "pk": 11, "fields": {"action_time": "2021-08-19T12:04:33.935Z", "user": 1, "content_type": 14, "object_id": "3", "object_repr": "Georgia", "action_flag": 1, "change_message": "[{\"added\": {}}]"}}, {"model": "admin.logentry", "pk": 12, "fields": {"action_time": "2021-08-19T12:10:33.857Z", "user": 1, "content_type": 14, "object_id": "4", "object_repr": "Polly", "action_flag": 1, "change_message": "[{\"added\": {}}]"}}, {"model": "admin.logentry", "pk": 13, "fields": {"action_time": "2021-08-19T12:10:53.453Z", "user": 1, "content_type": 14, "object_id": "3", "object_repr": "Georgia", "action_flag": 2, "change_message": "[{\"changed\": {\"fields\": [\"Category\"]}}]"}}, {"model": "admin.logentry", "pk": 14, "fields": {"action_time": "2021-08-19T12:16:55.129Z", "user": 1, "content_type": 14, "object_id": "5", "object_repr": "Zoe", "action_flag": 1, "change_message": "[{\"added\": {}}]"}}, {"model": "admin.logentry", "pk": 15, "fields": {"action_time": "2021-08-19T12:25:32.117Z", "user": 1, "content_type": 14, "object_id": "6", "object_repr": "Marcus", "action_flag": 1, "change_message": "[{\"added\": {}}]"}}, {"model": "admin.logentry", "pk": 16, "fields": {"action_time": "2021-08-19T12:25:38.083Z", "user": 1, "content_type": 14, "object_id": "6", "object_repr": "Marcus", "action_flag": 2, "change_message": "[]"}}, {"model": "admin.logentry", "pk": 17, "fields": {"action_time": "2021-08-19T12:28:14.021Z", "user": 1, "content_type": 14, "object_id": "7", "object_repr": "Spike", "action_flag": 1, "change_message": "[{\"added\": {}}]"}}, {"model": "admin.logentry", "pk": 18, "fields": {"action_time": "2021-08-19T12:35:34.309Z", "user": 1, "content_type": 14, "object_id": "8", "object_repr": "Morty", "action_flag": 1, "change_message": "[{\"added\": {}}]"}}, {"model": "admin.logentry", "pk": 19, "fields": {"action_time": "2021-08-19T12:40:49.593Z", "user": 1, "content_type": 14, "object_id": "9", "object_repr": "Angy", "action_flag": 1, "change_message": "[{\"added\": {}}]"}}, {"model": "admin.logentry", "pk": 20, "fields": {"action_time": "2021-08-19T12:45:43.687Z", "user": 1, "content_type": 14, "object_id": "10", "object_repr": "Greta", "action_flag": 1, "change_message": "[{\"added\": {}}]"}}, {"model": "admin.logentry", "pk": 21, "fields": {"action_time": "2021-08-19T12:50:10.177Z", "user": 1, "content_type": 14, "object_id": "11", "object_repr": "Rufus", "action_flag": 1, "change_message": "[{\"added\": {}}]"}}, {"model": "admin.logentry", "pk": 22, "fields": {"action_time": "2021-08-19T12:57:18.290Z", "user": 1, "content_type": 14, "object_id": "12", "object_repr": "Cacti chess set", "action_flag": 1, "change_message": "[{\"added\": {}}]"}}, {"model": "admin.logentry", "pk": 23, "fields": {"action_time": "2021-08-19T13:04:55.441Z", "user": 1, "content_type": 14, "object_id": "13", "object_repr": "Joy", "action_flag": 1, "change_message": "[{\"added\": {}}]"}}, {"model": "admin.logentry", "pk": 24, "fields": {"action_time": "2021-08-20T01:40:20.700Z", "user": 1, "content_type": 14, "object_id": "14", "object_repr": "Spike", "action_flag": 1, "change_message": "[{\"added\": {}}]"}}, {"model": "admin.logentry", "pk": 25, "fields": {"action_time": "2021-08-20T01:47:04.684Z", "user": 1, "content_type": 14, "object_id": "15", "object_repr": "Giusy", "action_flag": 1, "change_message": "[{\"added\": {}}]"}}, {"model": "admin.logentry", "pk": 26, "fields": {"action_time": "2021-08-20T01:49:40.441Z", "user": 1, "content_type": 14, "object_id": "16", "object_repr": "Martin", "action_flag": 1, "change_message": "[{\"added\": {}}]"}}, {"model": "admin.logentry", "pk": 27, "fields": {"action_time": "2021-08-20T01:50:03.340Z", "user": 1, "content_type": 14, "object_id": "16", "object_repr": "Martin", "action_flag": 2, "change_message": "[{\"changed\": {\"fields\": [\"Care\"]}}]"}}, {"model": "admin.logentry", "pk": 28, "fields": {"action_time": "2021-08-20T01:52:31.192Z", "user": 1, "content_type": 14, "object_id": "17", "object_repr": "Linda", "action_flag": 1, "change_message": "[{\"added\": {}}]"}}, {"model": "admin.logentry", "pk": 29, "fields": {"action_time": "2021-08-20T01:54:44.691Z", "user": 1, "content_type": 14, "object_id": "18", "object_repr": "Fiona", "action_flag": 1, "change_message": "[{\"added\": {}}]"}}, {"model": "admin.logentry", "pk": 30, "fields": {"action_time": "2021-08-20T01:57:40.142Z", "user": 1, "content_type": 14, "object_id": "19", "object_repr": "Simona", "action_flag": 1, "change_message": "[{\"added\": {}}]"}}, {"model": "admin.logentry", "pk": 31, "fields": {"action_time": "2021-08-20T02:04:43.012Z", "user": 1, "content_type": 14, "object_id": "20", "object_repr": "Alfred", "action_flag": 1, "change_message": "[{\"added\": {}}]"}}, {"model": "admin.logentry", "pk": 32, "fields": {"action_time": "2021-08-20T02:05:56.035Z", "user": 1, "content_type": 14, "object_id": "19", "object_repr": "Simona", "action_flag": 2, "change_message": "[{\"changed\": {\"fields\": [\"Sku\"]}}]"}}, {"model": "admin.logentry", "pk": 33, "fields": {"action_time": "2021-08-20T02:06:10.933Z", "user": 1, "content_type": 14, "object_id": "20", "object_repr": "Alfred", "action_flag": 2, "change_message": "[{\"changed\": {\"fields\": [\"Sku\"]}}]"}}, {"model": "admin.logentry", "pk": 34, "fields": {"action_time": "2021-08-20T02:14:11.993Z", "user": 1, "content_type": 14, "object_id": "21", "object_repr": "Maverick", "action_flag": 1, "change_message": "[{\"added\": {}}]"}}, {"model": "admin.logentry", "pk": 35, "fields": {"action_time": "2021-08-20T02:21:54.348Z", "user": 1, "content_type": 14, "object_id": "22", "object_repr": "Steven", "action_flag": 1, "change_message": "[{\"added\": {}}]"}}, {"model": "admin.logentry", "pk": 36, "fields": {"action_time": "2021-08-20T02:24:54.730Z", "user": 1, "content_type": 14, "object_id": "23", "object_repr": "Sander", "action_flag": 1, "change_message": "[{\"added\": {}}]"}}, {"model": "admin.logentry", "pk": 37, "fields": {"action_time": "2021-08-20T02:30:48.702Z", "user": 1, "content_type": 14, "object_id": "24", "object_repr": "Jenny", "action_flag": 1, "change_message": "[{\"added\": {}}]"}}, {"model": "admin.logentry", "pk": 38, "fields": {"action_time": "2021-08-20T02:36:15.186Z", "user": 1, "content_type": 14, "object_id": "25", "object_repr": "Manuel", "action_flag": 1, "change_message": "[{\"added\": {}}]"}}, {"model": "admin.logentry", "pk": 39, "fields": {"action_time": "2021-08-20T02:36:27.623Z", "user": 1, "content_type": 14, "object_id": "26", "object_repr": "Manuel", "action_flag": 1, "change_message": "[{\"added\": {}}]"}}, {"model": "admin.logentry", "pk": 40, "fields": {"action_time": "2021-08-20T02:36:48.456Z", "user": 1, "content_type": 14, "object_id": "26", "object_repr": "Manuel", "action_flag": 3, "change_message": ""}}, {"model": "admin.logentry", "pk": 41, "fields": {"action_time": "2021-08-20T09:55:27.212Z", "user": 1, "content_type": 14, "object_id": "25", "object_repr": "Manuel", "action_flag": 2, "change_message": "[{\"changed\": {\"fields\": [\"Sku\"]}}]"}}, {"model": "admin.logentry", "pk": 42, "fields": {"action_time": "2021-08-20T10:13:52.911Z", "user": 1, "content_type": 14, "object_id": "16", "object_repr": "Martin", "action_flag": 2, "change_message": "[{\"changed\": {\"fields\": [\"Image\"]}}]"}}, {"model": "admin.logentry", "pk": 43, "fields": {"action_time": "2021-08-21T00:39:00.375Z", "user": 1, "content_type": 14, "object_id": "27", "object_repr": "Jewel Alocasia", "action_flag": 1, "change_message": "[{\"added\": {}}]"}}, {"model": "admin.logentry", "pk": 44, "fields": {"action_time": "2021-08-21T00:44:07.831Z", "user": 1, "content_type": 14, "object_id": "28", "object_repr": "Sandra", "action_flag": 1, "change_message": "[{\"added\": {}}]"}}, {"model": "admin.logentry", "pk": 45, "fields": {"action_time": "2021-08-21T01:00:34.101Z", "user": 1, "content_type": 14, "object_id": "29", "object_repr": "Mike", "action_flag": 1, "change_message": "[{\"added\": {}}]"}}, {"model": "admin.logentry", "pk": 46, "fields": {"action_time": "2021-08-21T01:09:21.297Z", "user": 1, "content_type": 14, "object_id": "30", "object_repr": "Jerry", "action_flag": 1, "change_message": "[{\"added\": {}}]"}}, {"model": "admin.logentry", "pk": 47, "fields": {"action_time": "2021-08-21T01:15:39.124Z", "user": 1, "content_type": 14, "object_id": "31", "object_repr": "Grace", "action_flag": 1, "change_message": "[{\"added\": {}}]"}}, {"model": "admin.logentry", "pk": 48, "fields": {"action_time": "2021-08-21T01:18:18.608Z", "user": 1, "content_type": 14, "object_id": "27", "object_repr": "Sonia", "action_flag": 2, "change_message": "[{\"changed\": {\"fields\": [\"Name\", \"Species\"]}}]"}}, {"model": "admin.logentry", "pk": 49, "fields": {"action_time": "2021-08-21T13:18:14.907Z", "user": 1, "content_type": 14, "object_id": "5", "object_repr": "Zoe", "action_flag": 2, "change_message": "[{\"changed\": {\"fields\": [\"Category\"]}}]"}}, {"model": "admin.logentry", "pk": 50, "fields": {"action_time": "2021-08-22T00:11:57.590Z", "user": 1, "content_type": 14, "object_id": "32", "object_repr": "Jodie", "action_flag": 1, "change_message": "[{\"added\": {}}]"}}, {"model": "admin.logentry", "pk": 51, "fields": {"action_time": "2021-08-22T00:42:49.042Z", "user": 1, "content_type": 14, "object_id": "33", "object_repr": "Laurence", "action_flag": 1, "change_message": "[{\"added\": {}}]"}}, {"model": "admin.logentry", "pk": 52, "fields": {"action_time": "2021-08-22T00:52:51.394Z", "user": 1, "content_type": 14, "object_id": "34", "object_repr": "Leopold", "action_flag": 1, "change_message": "[{\"added\": {}}]"}}, {"model": "admin.logentry", "pk": 53, "fields": {"action_time": "2021-08-22T00:58:06.558Z", "user": 1, "content_type": 14, "object_id": "35", "object_repr": "Jared", "action_flag": 1, "change_message": "[{\"added\": {}}]"}}, {"model": "admin.logentry", "pk": 54, "fields": {"action_time": "2021-08-22T01:07:52.608Z", "user": 1, "content_type": 14, "object_id": "36", "object_repr": "Belen", "action_flag": 1, "change_message": "[{\"added\": {}}]"}}, {"model": "admin.logentry", "pk": 55, "fields": {"action_time": "2021-08-22T11:20:11.874Z", "user": 1, "content_type": 14, "object_id": "14", "object_repr": "Annie", "action_flag": 2, "change_message": "[{\"changed\": {\"fields\": [\"Name\"]}}]"}}, {"model": "admin.logentry", "pk": 56, "fields": {"action_time": "2021-08-25T09:18:04.953Z", "user": 1, "content_type": 13, "object_id": "5", "object_repr": "big_leaves,to_hang,cacti,succulents", "action_flag": 1, "change_message": "[{\"added\": {}}]"}}, {"model": "admin.logentry", "pk": 57, "fields": {"action_time": "2021-08-25T09:21:08.500Z", "user": 1, "content_type": 13, "object_id": "5", "object_repr": "big_leaves,to_hang,cacti,succulents", "action_flag": 3, "change_message": ""}}, {"model": "admin.logentry", "pk": 58, "fields": {"action_time": "2021-08-28T10:04:13.962Z", "user": 1, "content_type": 15, "object_id": "25", "object_repr": "D171D53DAC50499598AEB26C73560C67", "action_flag": 3, "change_message": ""}}, {"model": "admin.logentry", "pk": 59, "fields": {"action_time": "2021-08-28T10:04:14.010Z", "user": 1, "content_type": 15, "object_id": "24", "object_repr": "640C0C27D15044D8B59C9D863449F04F", "action_flag": 3, "change_message": ""}}, {"model": "admin.logentry", "pk": 60, "fields": {"action_time": "2021-08-28T10:04:14.041Z", "user": 1, "content_type": 15, "object_id": "23", "object_repr": "AEC3030A18904BDE979B0F3B5FD2911F", "action_flag": 3, "change_message": ""}}, {"model": "admin.logentry", "pk": 61, "fields": {"action_time": "2021-08-28T10:04:14.066Z", "user": 1, "content_type": 15, "object_id": "22", "object_repr": "A89DD2BDB3294D3D80761997BE39E6C8", "action_flag": 3, "change_message": ""}}, {"model": "admin.logentry", "pk": 62, "fields": {"action_time": "2021-08-28T10:04:14.106Z", "user": 1, "content_type": 15, "object_id": "21", "object_repr": "6FD2BCEE368B4265A61249ED7BC03F28", "action_flag": 3, "change_message": ""}}, {"model": "admin.logentry", "pk": 63, "fields": {"action_time": "2021-08-28T10:04:14.130Z", "user": 1, "content_type": 15, "object_id": "20", "object_repr": "296949DD96BB48ACAEE0429ADF2F6AF5", "action_flag": 3, "change_message": ""}}, {"model": "admin.logentry", "pk": 64, "fields": {"action_time": "2021-08-28T10:04:14.153Z", "user": 1, "content_type": 15, "object_id": "19", "object_repr": "3C2DA5966B3E43679F26C3ED736A0CC8", "action_flag": 3, "change_message": ""}}, {"model": "admin.logentry", "pk": 65, "fields": {"action_time": "2021-08-28T10:04:14.176Z", "user": 1, "content_type": 15, "object_id": "18", "object_repr": "1CAC61E588964709853EA9EF96726BBD", "action_flag": 3, "change_message": ""}}, {"model": "admin.logentry", "pk": 66, "fields": {"action_time": "2021-08-28T10:04:14.200Z", "user": 1, "content_type": 15, "object_id": "17", "object_repr": "2F02C90A555E44B1AA8378A11FCD6F14", "action_flag": 3, "change_message": ""}}, {"model": "admin.logentry", "pk": 67, "fields": {"action_time": "2021-08-28T10:04:14.223Z", "user": 1, "content_type": 15, "object_id": "16", "object_repr": "B99D6E44E42940529B4F0C527E30518F", "action_flag": 3, "change_message": ""}}, {"model": "admin.logentry", "pk": 68, "fields": {"action_time": "2021-08-28T10:04:14.246Z", "user": 1, "content_type": 15, "object_id": "15", "object_repr": "55C1857756A6469EB2E52B303946BC00", "action_flag": 3, "change_message": ""}}, {"model": "admin.logentry", "pk": 69, "fields": {"action_time": "2021-08-28T10:04:14.269Z", "user": 1, "content_type": 15, "object_id": "14", "object_repr": "E0510EA5C5244D7C83D7D67C6DCE58CD", "action_flag": 3, "change_message": ""}}, {"model": "admin.logentry", "pk": 70, "fields": {"action_time": "2021-08-28T10:04:14.292Z", "user": 1, "content_type": 15, "object_id": "13", "object_repr": "516166806B9C4C5588073D45E647A380", "action_flag": 3, "change_message": ""}}, {"model": "admin.logentry", "pk": 71, "fields": {"action_time": "2021-08-28T10:04:14.315Z", "user": 1, "content_type": 15, "object_id": "12", "object_repr": "89F780D8957241AAA6A913B0C492E0D1", "action_flag": 3, "change_message": ""}}, {"model": "admin.logentry", "pk": 72, "fields": {"action_time": "2021-08-28T10:04:14.337Z", "user": 1, "content_type": 15, "object_id": "11", "object_repr": "6BE7E85C7886407DBBC24BAF31BA2463", "action_flag": 3, "change_message": ""}}, {"model": "admin.logentry", "pk": 73, "fields": {"action_time": "2021-08-28T10:04:14.360Z", "user": 1, "content_type": 15, "object_id": "10", "object_repr": "624E798C9434431D961CE8C3CAB9E75B", "action_flag": 3, "change_message": ""}}, {"model": "admin.logentry", "pk": 74, "fields": {"action_time": "2021-08-28T10:04:14.383Z", "user": 1, "content_type": 15, "object_id": "9", "object_repr": "5734169957E34CCA98F47929647354EE", "action_flag": 3, "change_message": ""}}, {"model": "admin.logentry", "pk": 75, "fields": {"action_time": "2021-08-28T10:04:14.406Z", "user": 1, "content_type": 15, "object_id": "8", "object_repr": "88ED4C98F9D342278B909B5F2DD5FE82", "action_flag": 3, "change_message": ""}}, {"model": "admin.logentry", "pk": 76, "fields": {"action_time": "2021-08-28T10:04:14.429Z", "user": 1, "content_type": 15, "object_id": "7", "object_repr": "879BED53272A4580B31B91869802AD0B", "action_flag": 3, "change_message": ""}}, {"model": "admin.logentry", "pk": 77, "fields": {"action_time": "2021-08-28T10:04:14.452Z", "user": 1, "content_type": 15, "object_id": "6", "object_repr": "846357DCFB4848D1BA809301564D5CE6", "action_flag": 3, "change_message": ""}}, {"model": "admin.logentry", "pk": 78, "fields": {"action_time": "2021-08-28T10:04:14.475Z", "user": 1, "content_type": 15, "object_id": "5", "object_repr": "EE6ADFE837394F798B34B8E208EB6DFA", "action_flag": 3, "change_message": ""}}, {"model": "admin.logentry", "pk": 79, "fields": {"action_time": "2021-08-28T10:04:14.498Z", "user": 1, "content_type": 15, "object_id": "4", "object_repr": "9B3BEB197FC5403A80EA37B3AA382DBA", "action_flag": 3, "change_message": ""}}, {"model": "admin.logentry", "pk": 80, "fields": {"action_time": "2021-08-28T10:04:14.522Z", "user": 1, "content_type": 15, "object_id": "3", "object_repr": "F64B3B7E1ACC4CCDAE74B5842606C840", "action_flag": 3, "change_message": ""}}, {"model": "admin.logentry", "pk": 81, "fields": {"action_time": "2021-08-28T10:04:14.550Z", "user": 1, "content_type": 15, "object_id": "2", "object_repr": "45DA04FA77674EBFABB97080BC437855", "action_flag": 3, "change_message": ""}}, {"model": "admin.logentry", "pk": 82, "fields": {"action_time": "2021-08-28T10:04:14.577Z", "user": 1, "content_type": 15, "object_id": "1", "object_repr": "1DE515577B404D9581DCC35CDC75C671", "action_flag": 3, "change_message": ""}}, {"model": "admin.logentry", "pk": 83, "fields": {"action_time": "2021-08-29T21:02:03.302Z", "user": 1, "content_type": 4, "object_id": "1", "object_repr": "FrancescaLupu", "action_flag": 2, "change_message": "[{\"changed\": {\"fields\": [\"First name\", \"Last name\"]}}]"}}, {"model": "admin.logentry", "pk": 84, "fields": {"action_time": "2021-08-29T23:04:23.781Z", "user": 1, "content_type": 14, "object_id": "38", "object_repr": "test2", "action_flag": 3, "change_message": ""}}, {"model": "admin.logentry", "pk": 85, "fields": {"action_time": "2021-08-29T23:04:23.821Z", "user": 1, "content_type": 14, "object_id": "37", "object_repr": "test", "action_flag": 3, "change_message": ""}}, {"model": "auth.user", "pk": 1, "fields": {"password": "pbkdf2_sha256$260000$EfP4O0ji8mYJIflORV2R0Y$zBdxupKi2qHSvZatnIPgNvRGIifAC8st4MyliRO0HAE=", "last_login": "2021-08-29T21:01:31Z", "is_superuser": true, "username": "FrancescaLupu", "first_name": "Francesca", "last_name": "Lupu", "email": "francesca_lupu@live.it", "is_staff": true, "is_active": true, "date_joined": "2021-08-12T10:34:55Z", "groups": [], "user_permissions": []}}, {"model": "auth.user", "pk": 2, "fields": {"password": "pbkdf2_sha256$260000$1LbhNUkimKQo92nmTrdiCA$d3sPNim777pjbut+3SFhBoOoKr268s31BpVOu3ZCwDM=", "last_login": "2021-08-30T11:18:13.570Z", "is_superuser": false, "username": "Test", "first_name": "", "last_name": "", "email": "test@test.com", "is_staff": false, "is_active": true, "date_joined": "2021-08-29T15:01:18.361Z", "groups": [], "user_permissions": []}}, {"model": "sessions.session", "pk": "1p1nier20aeh8jluk4w1i8nynnfvsvp9", "fields": {"session_data": "eyJjYXJ0Ijp7IjgiOjMsIjIiOjEsIjE0IjoyfX0:1mJJKk:yS_R8oxabQdD6PIRCDN4M9LRMzQ3iCWQjc1N3ly8mDc", "expire_date": "2021-09-09T17:38:34.650Z"}}, {"model": "sessions.session", "pk": "4in4dvd11xovm0sbqgnsc6h7e4ifbwq8", "fields": {"session_data": "eyJjYXJ0Ijp7IjEiOjEsIjMzIjoyLCIzNiI6MSwiMTEiOjF9fQ:1mJATT:XfI-FzEZhNR3xyLF8jKmrDY2CnVUyJ1bQ-EqTMFXhhM", "expire_date": "2021-09-09T08:10:59.659Z"}}, {"model": "sessions.session", "pk": "5ys64hcmugsje72ptwmokie2o26e2rfs", "fields": {"session_data": "e30:1mK2EB:NXsisMCx2l2a_2fso9z_C7Kba3LS6bX2AEV3Pf7iqkY", "expire_date": "2021-09-11T17:34:47.696Z"}}, {"model": "sessions.session", "pk": "6b3uyphb77f1zyc2hv9q4m1vdyqfg4yg", "fields": {"session_data": ".eJxVjDEOgzAQBP9yNbLOxobYZfq8AZ1950ASgYShQvw9IFEk5eyOZoOO1qXv1iJzNzAE0FD9bpHSW8bz4BeNz0mlaVzmIapTUddb1GNi-dwv9y_QU-nPrCGKdeZE2pO75da0LF4iZ0R0TqPJ2VkrkRq07cGSvbbYIGqHbJsjmmheIGxgIOgKaguhrsAfsO9fZpU-Aw:1mIxkU:1FxYn0iJTZjP-jwmTi5_hWq3D4-qAz9PGf5b62kBqZw", "expire_date": "2021-09-08T18:35:42.366Z"}}, {"model": "sessions.session", "pk": "7civgla75gpjwxh0229veeym1efqbji9", "fields": {"session_data": "e30:1mK2F1:aCVGcLksn7JB2c7eajhWLw94MaQtBJ54OZBV6Fbv0Xc", "expire_date": "2021-09-11T17:35:39.732Z"}}, {"model": "sessions.session", "pk": "advu8oiotc9kh2y6hn1wrwbzcf5835o9", "fields": {"session_data": "eyJjYXJ0Ijp7IjEiOjF9fQ:1mJF0f:jqPCDAirVrIv0slHNoUCLoN588HZtWCMu63p7Ic9thQ", "expire_date": "2021-09-09T13:01:33.082Z"}}, {"model": "sessions.session", "pk": "dghz3y46g5k1c7zoe4g3qlkkt7qqoibq", "fields": {"session_data": ".eJxVjEsOAiEQBe_C2pAG-YhL956BNHQjowaS-ayMd1eSWejyvarUS0Tc1hq3hec4kTgLJQ6_X8L84DYA3bHdusy9rfOU5FDkThd57cTPy-7-BSoudWQ1YjoWyqgC2lPx2hMHTlQAwFoFuhRrDCd0YPx3cwnKgANQFsg48f4A94M3fg:1mGJkE:AXQdpJq3fz9M1_vQUjyLCNj37p9SMEFiD9tTAh0fV3M", "expire_date": "2021-09-01T11:28:30.270Z"}}, {"model": "sessions.session", "pk": "gjp00612jrgoidustgot096m2b7pue4j", "fields": {"session_data": "eyJzYXZlX2luZm8iOmZhbHNlfQ:1mKJmX:PSrLc8M_6AVWpaLQ8vCPXE2PW7WI3zpW_Nr5Ko6ui0w", "expire_date": "2021-09-12T12:19:25.706Z"}}, {"model": "sessions.session", "pk": "gnzh5zxlx0jdevfcxdvpwjlfickw1bi1", "fields": {"session_data": "e30:1mKKLw:D6Zzd8WO8FC_6VX2qv1_CAyW__9rrnhu6rbExpnZBZY", "expire_date": "2021-09-12T12:56:00.364Z"}}, {"model": "sessions.session", "pk": "i5lq7ulm036hc9o888gpis0zks85wcot", "fields": {"session_data": "eyJjYXJ0Ijp7IjciOjEyLCI4Ijo3fX0:1mJPmq:Y2oZNn-GB4zwU5jF63Uuu-A3nQxNuALkzX3L-gfea5g", "expire_date": "2021-09-10T00:32:00.947Z"}}, {"model": "sessions.session", "pk": "ieni64y19sw6ac7depm9ntvog11ccvn0", "fields": {"session_data": ".eJxVjEsOAiEQBe_C2pAG-YhL956BNHQjowaS-ayMd1eSWejyvarUS0Tc1hq3hec4kTgLJQ6_X8L84DYA3bHdusy9rfOU5FDkThd57cTPy-7-BSoudWQ1YjoWyqgC2lPx2hMHTlQAwFoFuhRrDCd0YPx3cwnKgANQFsg48f4A94M3fg:1mE8Ih:tWxaxnunfbiqm_gAlL7GrWjwZxJEbCda321UPkKwwx8", "expire_date": "2021-08-26T10:51:03.995Z"}}, {"model": "sessions.session", "pk": "jdnvpzx72b4w01oerxiz0svsr98oophn", "fields": {"session_data": ".eJxVjMEOwiAQBf-FsyG00ML26N1vIAtsLWqgKW2iMf67JelBr2_mzZtZ3NbJboUWGwMbWMtOv5tDf6dUQbhhumbuc1qX6HhV-EELv-RAj_Ph_gUmLNP-xtHLHjrVgGw7g4oaAKG00SBxRNBeSN17L4SBXhkwJGSzK13QCoNrsUYLlRJzsvSc4_Jig_h8AUHuPd4:1mKfIv:0lhITHGfx7t-eAXLjaV3dsoscPKXI9jgifEpFpcuzOk", "expire_date": "2021-09-13T11:18:17.904Z"}}, {"model": "sessions.session", "pk": "kuxsmzgbviiwtvmwqlmoko5bjcbmaxct", "fields": {"session_data": "eyJjYXJ0Ijp7IjEiOjF9fQ:1mJExC:ZCWGpX5yrLRruHoc84lV_bVYL4yiu6itCtcDbtLJGSo", "expire_date": "2021-09-09T12:57:58.414Z"}}, {"model": "sessions.session", "pk": "nlma8chykdw44jdv2invqoudj8hwy3oi", "fields": {"session_data": ".eJxVjDsOgzAQRO-yNbLWYPMr03MGtPauA0mEJRsqxN0DEg3VaOY9zQ6e0gr9Di30uoDKnnEUMNK2TuOWJY0zQw8aHpsj_5XlAvyh5R2Vj8uaZqcuRd00qyGy_F63-ziYKE_XbUnkqsCedEe2DU3ZsHTiOCCitRrLEKwx4qhG05xdQqcN1ojaIpsajj_mVTz0:1mJYJU:Nr1rTYGg1Oh7n_h1b-Ucz6lIfTwlCKGfG40FZKk2cJo", "expire_date": "2021-09-10T09:38:16.270Z"}}, {"model": "sessions.session", "pk": "onb8eq2f1wmtzejphn1v4upy4j4fgjri", "fields": {"session_data": ".eJxVjEEOgyAQRe8ya2MGClJZdt8zkAGGattoAtiN8e7VxI3L_9_LWyFQrmBXkAqsbMCAFQ1IsLetAUdLHdxSOLsxggUBl89T-PB0gPim6TW3YZ5qHn17KO1JS_ucI38fp3sJDFSGIyuJ_C3FQKInfU9Gmsg9-5gQUWuBMiWtFHvqUJl9c-qFwg5RaIyq26OFfuzGKc1ga154-wMO-UQl:1mJesj:ZFgp_KmidSs0b-T4H1NOXhE2xdFn7CGUlk3AndsjXxE", "expire_date": "2021-09-10T16:39:05.576Z"}}, {"model": "sessions.session", "pk": "pdazy20cqbn0go02o130ilz9q9j960v7", "fields": {"session_data": ".eJyrVkpOLCpRsqpWslCyMtRRMjaDUEYQyljJylRHCcgxAlEgurYWADViC0w:1mJErI:kXOMKGsSFfv61VSTivdoHaEn9o0rXI5SgvAmIlAsFfY", "expire_date": "2021-09-09T12:51:52.307Z"}}, {"model": "sessions.session", "pk": "w26gd8l15cd2glq7krk52xffc902obuv", "fields": {"session_data": "e30:1mK2E1:Zdv5X6A28lxOGbL2dgmlJJ5Dp5vchWxHDLwyq5Hwg7Y", "expire_date": "2021-09-11T17:34:37.959Z"}}, {"model": "sessions.session", "pk": "w6tqn30n5j9wxxvlljanswk67wezhqce", "fields": {"session_data": "eyJjYXJ0Ijp7IjIiOjQsIjM2IjoyfX0:1mJEsT:9oDF_hxiLsqmeCDpvlIDvc4Ayi7ThwZP7ME5IeKdmT0", "expire_date": "2021-09-09T12:53:05.104Z"}}, {"model": "sessions.session", "pk": "zcwthohzasg0luohtnoo9q5rpb969cy9", "fields": {"session_data": "eyJjYXJ0Ijp7IjIxIjoyLCI3IjoxLCIyMCI6MSwiMzYiOjR9fQ:1mJFZb:yKR9-3ZnXtINU02klTekHjn__R5ELmDCPjGzB8pnq0g", "expire_date": "2021-09-09T13:37:39.130Z"}}, {"model": "sites.site", "pk": 1, "fields": {"domain": "monstera.com", "name": "Monstera"}}, {"model": "account.emailaddress", "pk": 1, "fields": {"user": 1, "email": "francesca_lupu@live.it", "verified": true, "primary": true}}, {"model": "account.emailaddress", "pk": 2, "fields": {"user": 2, "email": "test@test.com", "verified": true, "primary": true}}, {"model": "products.category", "pk": 1, "fields": {"name": "big_leaves", "friendly_name": "Big leaves"}}, {"model": "products.category", "pk": 2, "fields": {"name": "succulents", "friendly_name": "Succulents"}}, {"model": "products.category", "pk": 3, "fields": {"name": "cacti", "friendly_name": "Cacti"}}, {"model": "products.category", "pk": 4, "fields": {"name": "to_hang", "friendly_name": "To hang"}}, {"model": "products.product", "pk": 1, "fields": {"category": 2, "sku": "000001", "name": "Jade", "species": "Aloe Vera", "description": "This medium plant will be sent without pot.\r\nPlace it in a spot that offers bright indirect sunlight.\r\nCan be used as an air cleaner.\r\nNon-toxic for pets.\r\nYou can use the gel in the leaves for your skin.\r\nWater once a month.", "care": "/", "price": "10.00", "image": "aloe_VyHtDMM.jpg"}}, {"model": "products.product", "pk": 2, "fields": {"category": 1, "sku": "000002", "name": "Mary", "species": "Alocasia Frydek", "description": "Medium plant shipped in plastic pot", "care": "Keep in a spot with indirect sunlight\r\nWater when the soil is dry", "price": "40.00", "image": "alocasia-frydek.jpg"}}, {"model": "products.product", "pk": 3, "fields": {"category": 1, "sku": "000003", "name": "Georgia", "species": "Alocasia Morocco", "description": "Big plant shipped in plastic pot", "care": "Keep in a spot with indirect sunlight\r\nWater when the soil is dry", "price": "60.00", "image": "alocasia-morocco.jpg"}}, {"model": "products.product", "pk": 4, "fields": {"category": 1, "sku": "000004", "name": "Polly", "species": "Alocasia Polly", "description": "Medium plant shipped in plastic pot\r\nCan be used as air cleaner\r\nNot the easiest of plants, advised for experienced plant parents.", "care": "Keep in a spot with indirect sunlight\r\nWater when the soil is dry", "price": "20.00", "image": "alocasia-polly.jpg"}}, {"model": "products.product", "pk": 5, "fields": {"category": 2, "sku": "000005", "name": "Zoe", "species": "Aloe Aristata", "description": "Small plant shipped in little ceramic turquoise pot", "care": "Water once a month or when the soil is well dry\r\nKeep in a sunny spot", "price": "6.00", "image": "aloe-aristata.jpg"}}, {"model": "products.product", "pk": 6, "fields": {"category": 1, "sku": "000006", "name": "Marcus", "species": "Anthurium Clarinervium", "description": "Medium plant shipped in ceramic pot", "care": "Keep in a spot with bright but indirect light.\r\nMaintain a high humidity placing it in a humid room or by giving them a mist every 2-3 days.", "price": "40.00", "image": "anthurium-clarinervium.jpg"}}, {"model": "products.product", "pk": 7, "fields": {"category": 3, "sku": "000007", "name": "Spike", "species": "Armatocereus godingianus", "description": "Small plant shipped in nursery pot", "care": "Place in a sunny spot and water just when the soil is well dry.", "price": "5.00", "image": "armatocereus-godingianus.jpg"}}, {"model": "products.product", "pk": 8, "fields": {"category": 4, "sku": "000008", "name": "Morty", "species": "Asparagus Fern", "description": "Medium plant shipped in plastic pot.\r\nCan be used as an air cleaner.", "care": "Keep in a shady spot.\r\nGive it a good amount of water, especially in summer.\r\nKeep away from children and pets, the sap of this plant is toxic.", "price": "20.00", "image": "asparagus-fern.jpg"}}, {"model": "products.product", "pk": 9, "fields": {"category": 1, "sku": "000009", "name": "Angy", "species": "Calathea", "description": "Medium plant shipped with hard plastic white pot.\r\nIt will purify the air in your room.\r\nPet friendly.", "care": "Place in a partly shady spot.\r\nWater when the soil is dry.", "price": "25.00", "image": "calathea.jpg"}}, {"model": "products.product", "pk": 10, "fields": {"category": 1, "sku": "000010", "name": "Greta", "species": "Calathea Lancifolia", "description": "Medium plant shipped in hard plastic white pot.\r\nGood as air cleaner.\r\nPet friendly", "care": "Loves the shade but appreciates indirect sunlight too.\r\nWater when the soil is well dry.", "price": "30.00", "image": "calathea-lancifolia.jpg"}}, {"model": "products.product", "pk": 11, "fields": {"category": 1, "sku": "000011", "name": "Rufus", "species": "Calathea Orbifolia", "description": "Big plant shipped in plastic pot\r\nGood as air cleaner\r\nPet friendly", "care": "Keep this beautiful plant in a shady spot and water when the soil is dry.", "price": "45.00", "image": "calathea-orbifolia.jpg"}}, {"model": "products.product", "pk": 12, "fields": {"category": 3, "sku": "000012", "name": "Cacti chess set", "species": "Various species", "description": "Stunning chess set, every piece is a little cactus. Species can vary.\r\nAll plants are in a little ceramic pot, black or white, and the name of each piece is written on the pot.\r\nThe board is handmade in wood and metal.", "care": "Place it in your favorite spot of the house.\r\nRemember to water the cacti once a month or when the soil feels dry.", "price": "98.00", "image": "chess-cacti-kit.jpg"}}, {"model": "products.product", "pk": 13, "fields": {"category": 1, "sku": "000013", "name": "Joy", "species": "Croton", "description": "Medium plant shipped in plastic pot.", "care": "This plant can live indoors or outdoors but remember that it will need really warm weather, ideally above 20 degrees Celsius.\r\nMaintain a good humidity and water well especially in summer.", "price": "25.00", "image": "croton.jpg"}}, {"model": "products.product", "pk": 14, "fields": {"category": 2, "sku": "000014", "name": "Annie", "species": "Crown of Thorns", "description": "Medium plant shipped in plastic pot.\r\nKeep away from children and pets.", "care": "This plant can be grown indoors or outdoors.\r\nWater when the soil is dry.", "price": "30.00", "image": "crown-of-thorns.jpg"}}, {"model": "products.product", "pk": 15, "fields": {"category": 2, "sku": "000015", "name": "Giusy", "species": "Echeveria", "description": "Little plant shipped in plastic pot.", "care": "You can grow this plant indoors or outdoors.\r\nIt tolerates shade but prefers sunny spots.\r\nWater deeply just when the soil is fully dry.", "price": "6.00", "image": "echeveria_2.jpg"}}, {"model": "products.product", "pk": 16, "fields": {"category": 2, "sku": "000016", "name": "Martin", "species": "Echeveria", "description": "Medium plant shipped in plastic pot", "care": "You can grow this plant indoors or outdoors.\r\nIt tolerates shade but prefers sunny spots.\r\nWater deeply just when the soil is fully dry.", "price": "12.00", "image": "echeveria_3.jpg"}}, {"model": "products.product", "pk": 17, "fields": {"category": 2, "sku": "000017", "name": "Linda", "species": "Echeveria", "description": "Little plant shipped in plastic pot", "care": "You can grow this plant indoors or outdoors.\r\nIt tolerates shade but prefers sunny spots.\r\nWater deeply just when the soil is fully dry.", "price": "6.00", "image": "echeveria.jpg"}}, {"model": "products.product", "pk": 18, "fields": {"category": 2, "sku": "000018", "name": "Fiona", "species": "Echeveria Agavoides", "description": "Little plant shipped in grey concrete pot", "care": "You can grow this plant indoors or outdoors.\r\nIt tolerates shade but prefers sunny spots.\r\nWater deeply just when the soil is fully dry.", "price": "8.00", "image": "echeveria-agavoides.jpg"}}, {"model": "products.product", "pk": 19, "fields": {"category": 2, "sku": "000019", "name": "Simona", "species": "Echeveria Grus", "description": "Little plant sold in plastic pot", "care": "You can grow this plant indoors or outdoors.\r\nIt tolerates shade but prefers sunny spots.\r\nWater deeply just when the soil is fully dry.", "price": "8.00", "image": "echeveria-grus.jpg"}}, {"model": "products.product", "pk": 20, "fields": {"category": 4, "sku": "000020", "name": "Alfred", "species": "Fern", "description": "Medium plant shipped in white concrete pot\r\nAir cleaner\r\nPet and children friendly", "care": "This plant loves a half shade spot and loads of humidity, that is why the bathroom is the perfect place for it.", "price": "15.00", "image": "fern.jpg"}}, {"model": "products.product", "pk": 21, "fields": {"category": 1, "sku": "000021", "name": "Maverick", "species": "Ficus lyrata", "description": "Big plant shipped in plastic pot + wicker basket as pot covering.\r\nAir cleanser plant.", "care": "This plant loves to be in a warm and sunny spot, however, do not expose it too much in summer.\r\nWater two times a week but do not exaggerate.", "price": "45.00", "image": "ficus-lyrata_TjPdxLm.jpg"}}, {"model": "products.product", "pk": 22, "fields": {"category": 1, "sku": "000022", "name": "Steven", "species": "Ficus robusta", "description": "Big plant shipped in colored hard plastic pot.\r\nAir cleaner plant.", "care": "Place it in spot with bright indirect light.\r\nWater often but in small quantities and let the soil dry between waterings.", "price": "50.00", "image": "ficus-robusta.jpg"}}, {"model": "products.product", "pk": 23, "fields": {"category": 1, "sku": "000023", "name": "Sander", "species": "Ficus tineke", "description": "Medium plants shipped in white hard plastic pot", "care": "Place in a sunny place with indirect light.\r\nWater when the soil is dry.", "price": "25.00", "image": "ficus-variegated-tineke.jpg"}}, {"model": "products.product", "pk": 24, "fields": {"category": 1, "sku": "000024", "name": "Jenny", "species": "Fittonia", "description": "Little plant shipped in nursery pot.\r\nAir cleaner.\r\nSafe for pets and children.", "care": "This plant can be placed in a shady/dark place. \r\nWater weekly with lukewarm water.\r\nMake sure the soil dries between waterings.", "price": "6.00", "image": "fittonia_OFyxAYG.jpg"}}, {"model": "products.product", "pk": 25, "fields": {"category": 2, "sku": "000025", "name": "Manuel", "species": "Jade", "description": "Medium plant shipped in biodegradable pot", "care": "Place in a sunny and warm place.\r\nWater often and make sure the soil is never completely dry.", "price": "20.00", "image": "jade.jpg"}}, {"model": "products.product", "pk": 27, "fields": {"category": 1, "sku": "000026", "name": "Sonia", "species": "Jewel Alocasia", "description": "This medium plant will be shipped in a plastic pot + a free black ceramic pot", "care": "Place in a partly shady spot and water just when the soil feels dry.", "price": "20.00", "image": "jewel-alocasia.jpg"}}, {"model": "products.product", "pk": 28, "fields": {"category": 2, "sku": "000027", "name": "Sandra", "species": "Kalanchoe", "description": "This medium plant will be shipped with its own white ceramic pot.", "care": "This fast growing plant loves a half shady spot. Water just when the soil is dry (around two times a month).", "price": "9.00", "image": "kalanchoe.jpg"}}, {"model": "products.product", "pk": 29, "fields": {"category": 2, "sku": "000028", "name": "Mike", "species": "Lace Aloe", "description": "This medium plant will be shipped in a light green ceramic pot.", "care": "This really fast-growing aloe can be placed in a half sun/half shade spot.\r\nAs all succulents, it rarely requires some water.", "price": "10.00", "image": "lace-aloe.jpg"}}, {"model": "products.product", "pk": 30, "fields": {"category": 2, "sku": "000029", "name": "Jerry", "species": "Mini Aloe", "description": "This little plant is shipped in a glass transparent pot.", "care": "This plant will look amazing in any spot of your house (or garden) and doesn't require much water.\r\nWhen it will grow bigger it will produce some beautiful little flowers.", "price": "5.00", "image": "mini-aloe-vaombe.jpg"}}, {"model": "products.product", "pk": 31, "fields": {"category": 1, "sku": "000030", "name": "Grace", "species": "Monstera Deliciosa", "description": "This big plant will be shipped to you in a plastic pot", "care": "This big plant will give you a lit of satisfaction with any new leaf.\r\nIt will require some water once every 3 weeks or when the soil is dry.\r\nThe monstera really hates 'wet feet' so make sure to not overwater.", "price": "40.00", "image": "monstera-deliciosa.jpg"}}, {"model": "products.product", "pk": 32, "fields": {"category": 1, "sku": "0000311", "name": "Jodie", "species": "Monstera Deliciosa Variegated", "description": "This medium plant will be shipped in a black ceramic pot", "care": "Place this precious plant in a half-shade spot and water it thoroughly once a month. Make sure to drain well the pot after watering, this Monstera doesn't like \"wet feet\".", "price": "120.00", "image": "monstera-deliciosa-variegated.jpg"}}, {"model": "products.product", "pk": 33, "fields": {"category": 3, "sku": "000032", "name": "Laurence", "species": "Echinocereus Fendleri", "description": "This little plant will be shipped with its white ceramic pot", "care": "As all cacti, this plant loves direct sun but it can be displayed anywhere in your house to add a colorful touch . Don't forget to give it a little bit of water when the soil is dry.", "price": "8.00", "image": "Echinocereus_fendleri.jpg"}}, {"model": "products.product", "pk": 34, "fields": {"category": 3, "sku": "000033", "name": "Leopold", "species": "Opuntia", "description": "This medium plant will be shipped in its ceramic pot", "care": "Give plenty of sun and little water to this amazing plant. It will grow fast and produce delicious fruits.", "price": "20.00", "image": "opuntia.jpg"}}, {"model": "products.product", "pk": 35, "fields": {"category": 3, "sku": "00033", "name": "Jared", "species": "Cactus", "description": "This little plant will be shipped in its ceramic pot.", "care": "This cactus will grow fast with a bit of water and plenty of sun. Ideal for beginners.", "price": "6.00", "image": "little-cactus.jpg"}}, {"model": "products.product", "pk": 36, "fields": {"category": 4, "sku": "000035", "name": "Belen", "species": "Philodendron Scandens Brasil", "description": "This medium plant will be shipped in a plastic hanging pot", "care": "Keep this plant in a spot with bright but indirect sunlight. Make sure its soil never dries. Maintain a stable temperature of around 15-20 degrees Celsius.", "price": "40.00", "image": "philodendron-scandens-brasil.jpg"}}, {"model": "checkout.order", "pk": 1, "fields": {"order_number": "7B5D4E481C2D4D3E82CCF61474FF4A1A", "user_profile": null, "full_name": "Francesca", "email": "Lupu@ffd.fd", "phone_number": "+353851429726", "street_address1": "Bruach Na Cuille 4, Redgate Road", "street_address2": null, "town_or_city": "Limerick", "county": "Limerick", "postcode": "V94P231", "country": "AT", "date": "2021-08-28T20:16:03.496Z", "delivery_cost": "2.00", "order_total": "20.00", "grand_total": "22.00", "original_cart": "{\"8\": 1}", "stripe_pid": "pi_3JTXtlESJDhTJKBG0iGIEg3r"}}, {"model": "checkout.order", "pk": 2, "fields": {"order_number": "EEAD6194F05B4F9296423E33962205F9", "user_profile": 2, "full_name": "Francesca", "email": "test@test.com", "phone_number": "+353851429726", "street_address1": "Bruach Na Cuille 4, Redgate Road", "street_address2": null, "town_or_city": "Limerick", "county": "Limerick", "postcode": "V94P231", "country": "IE", "date": "2021-08-29T20:38:25.702Z", "delivery_cost": "5.60", "order_total": "56.00", "grand_total": "61.60", "original_cart": "{\"16\": 3, \"29\": 2}", "stripe_pid": "pi_3JTulKESJDhTJKBG09Z5dh98"}}, {"model": "checkout.order", "pk": 3, "fields": {"order_number": "01D61D550F6F4A279600F899AC710C97", "user_profile": 2, "full_name": "Francesca", "email": "test@test.com", "phone_number": "+353851429726", "street_address1": "Bruach Na Cuille 4, Redgate Road", "street_address2": null, "town_or_city": "Limerick", "county": "Limerick", "postcode": "V94P231", "country": "IE", "date": "2021-08-29T20:39:40.440Z", "delivery_cost": "9.60", "order_total": "96.00", "grand_total": "105.60", "original_cart": "{\"18\": 12}", "stripe_pid": "pi_3JTumeESJDhTJKBG0MzyHTam"}}, {"model": "checkout.order", "pk": 4, "fields": {"order_number": "A0E30972431E473E99A5F82C16B26C98", "user_profile": 1, "full_name": "Francesca Lupu", "email": "francesca_lupu@live.it", "phone_number": "+353851429726", "street_address1": "Bruach Na Cuille 4, Redgate Road", "street_address2": null, "town_or_city": "Caherdavin", "county": "Limerick", "postcode": "V94P231", "country": "IE", "date": "2021-08-29T21:14:49.604Z", "delivery_cost": "0.00", "order_total": "200.00", "grand_total": "200.00", "original_cart": "{\"2\": 5}", "stripe_pid": "pi_3JTvKgESJDhTJKBG0O0TUZLx"}}, {"model": "checkout.order", "pk": 5, "fields": {"order_number": "C5C227C60FC4414ABACE76DFB1D2BD2E", "user_profile": 1, "full_name": "Francesca Lupu", "email": "francesca_lupu@live.it", "phone_number": "+353851429726", "street_address1": "Bruach Na Cuille 4, Redgate Road", "street_address2": null, "town_or_city": "Caherdavin", "county": "Limerick", "postcode": "V94P231", "country": "IE", "date": "2021-08-29T21:46:03.329Z", "delivery_cost": "0.00", "order_total": "200.00", "grand_total": "200.00", "original_cart": "{\"2\": 5}", "stripe_pid": "pi_3JTvoxESJDhTJKBG1tCNtTri"}}, {"model": "checkout.order", "pk": 6, "fields": {"order_number": "CC3CFB20D9C64DF7A475916DE6AEDE4B", "user_profile": 1, "full_name": "Francesca Lupu", "email": "francesca_lupu@live.it", "phone_number": "+353851429726", "street_address1": "Bruach Na Cuille 4, Redgate Road", "street_address2": null, "town_or_city": "Caherdavin", "county": "Limerick", "postcode": "V94P231", "country": "IE", "date": "2021-08-29T21:47:26.739Z", "delivery_cost": "5.00", "order_total": "50.00", "grand_total": "55.00", "original_cart": "{\"1\": 5}", "stripe_pid": "pi_3JTvqPESJDhTJKBG0cx9mKsH"}}, {"model": "checkout.order", "pk": 7, "fields": {"order_number": "9880ED9D066F47B7A7F0E027D53B0199", "user_profile": 1, "full_name": "Francesca Lupu", "email": "francesca_lupu@live.it", "phone_number": "+353851429726", "street_address1": "Bruach Na Cuille 4, Redgate Road", "street_address2": null, "town_or_city": "Caherdavin", "county": "Limerick", "postcode": "V94P231", "country": "IE", "date": "2021-08-29T21:49:53.405Z", "delivery_cost": "6.00", "order_total": "60.00", "grand_total": "66.00", "original_cart": "{\"1\": 6}", "stripe_pid": "pi_3JTvsmESJDhTJKBG1a8P8Zf2"}}, {"model": "checkout.orderlineitem", "pk": 37, "fields": {"order": 1, "product": 8, "quantity": 1, "lineitem_total": "20.00"}}, {"model": "checkout.orderlineitem", "pk": 38, "fields": {"order": 2, "product": 16, "quantity": 3, "lineitem_total": "36.00"}}, {"model": "checkout.orderlineitem", "pk": 39, "fields": {"order": 2, "product": 29, "quantity": 2, "lineitem_total": "20.00"}}, {"model": "checkout.orderlineitem", "pk": 40, "fields": {"order": 3, "product": 18, "quantity": 12, "lineitem_total": "96.00"}}, {"model": "checkout.orderlineitem", "pk": 41, "fields": {"order": 4, "product": 2, "quantity": 5, "lineitem_total": "200.00"}}, {"model": "checkout.orderlineitem", "pk": 42, "fields": {"order": 5, "product": 2, "quantity": 5, "lineitem_total": "200.00"}}, {"model": "checkout.orderlineitem", "pk": 43, "fields": {"order": 6, "product": 1, "quantity": 5, "lineitem_total": "50.00"}}, {"model": "checkout.orderlineitem", "pk": 44, "fields": {"order": 7, "product": 1, "quantity": 6, "lineitem_total": "60.00"}}, {"model": "profiles.userprofile", "pk": 1, "fields": {"user": 1, "default_phone_number": "+353851429726", "default_street_address1": "Bruach Na Cuille 4, Redgate Road", "default_street_address2": null, "default_town_or_city": "Caherdavin", "default_county": "Limerick", "default_postcode": "V94P231", "default_country": "IE"}}, {"model": "profiles.userprofile", "pk": 2, "fields": {"user": 2, "default_phone_number": "+353851429726", "default_street_address1": "Bruach Na Cuille 4, Redgate Road", "default_street_address2": null, "default_town_or_city": "Limerick", "default_county": "Limerick", "default_postcode": "V94P231", "default_country": "IE"}}]